<?xml version="1.0" encoding="UTF-8" standalone="yes"?>
<addon id="script.bluetooth.delay" name="BT Delay" version="1.4.0" provider-name="MHR">
	<extension point="xbmc.python.script" library="addon.py">
		<provides>executable</provides>
	</extension>
	<extension point="xbmc.addon.metadata">
		<platform>all</platform>
		<summary lang="en">Toggle audio delay</summary>
		<description lang="en">Set audio delay for one or two devices, and toggle between them.[CR][CR]For easy toggle, set a shortcut on your skin's home screen, or set a shortcut key in the keyboard.xml file:[CR]For toggle - RunScript(script.bluetooth.delay)[CR]For speakers - RunScript(script.bluetooth.delay,0)[CR]For headphones - RunScript(script.bluetooth.delay,1)</description>
		<source>https://github.com/MHR-official</source>
		<news>Improvements</news>
		<assets>
			<icon>icon.png</icon>
			<fanart>fanart.jpg</fanart>
		</assets>
	</extension>
</addon>