<?xml version="1.0" encoding="UTF-8" standalone="yes"?>
<addon id="script.bluetooth.delay" name="Bluetooth Delay" version="1.6.2" provider-name="MAR">
	<extension point="xbmc.python.script" library="addon.py">
		<provides>executable</provides>
	</extension>
	<extension point="xbmc.service" library="service.py" />
	<extension point="xbmc.addon.metadata">
		<platform>all</platform>
		<summary lang="en_GB">Toggle audio delay</summary>
		<description lang="en_GB">Set audio delay for one or two devices, and toggle between them.[CR][CR]For easy toggle, set a shortcut on your skin's home screen, or set a shortcut key in the keyboard.xml file:[CR]For toggle - RunScript(script.bluetooth.delay)[CR]For speakers - RunScript(script.bluetooth.delay,0)[CR]For bluetooth - RunScript(script.bluetooth.delay,1)</description>
		<source>https://github.com/MAR-official</source>
		<news>- Fix for auto toggle feature on Kodi version 21 (Windows users)</news>
		<assets>
			<icon>icon.png</icon>
			<fanart>fanart.jpg</fanart>
		</assets>
	</extension>
</addon>