<?xml version="1.0" encoding="UTF-8" standalone="yes"?>
<addon id="repository.MHR" name="MHR repo" version="1.0.0" provider-name="MHR">
	<extension point="xbmc.addon.repository" name="MHR repo">
		<info compressed="false">https://raw.githubusercontent.com/MHR-official/repo/master/addons.xml</info>
		<checksum>https://raw.githubusercontent.com/MHR-official/repo/master/addons.xml.md5</checksum>
		<datadir zip="true">https://raw.githubusercontent.com/MHR-official/repo/master/zips</datadir>
	</extension>
	<extension point="xbmc.addon.metadata">
		<platform>all</platform>
		<summary>MHR repo</summary>
		<description>MHR repo</description>
		<assets>
			<icon>icon.png</icon>
		</assets>
	</extension>
</addon>