<?xml version="1.0" encoding="UTF-8" standalone="yes"?>
<addon id="repository.mar-official" name="MAR-official repository" version="2.0.0" provider-name="MAR">
	<extension point="xbmc.addon.repository" name="MAR-official repository">
		<info compressed="false">https://raw.githubusercontent.com/MAR-official/repo/master/addons.xml</info>
		<checksum>https://raw.githubusercontent.com/MAR-official/repo/master/addons.xml.md5</checksum>
		<datadir zip="true">https://raw.githubusercontent.com/MAR-official/repo/master/zips</datadir>
	</extension>
	<extension point="xbmc.addon.metadata">
		<platform>all</platform>
		<description>MAR-official repository</description>
		<assets>
			<icon>icon.png</icon>
		</assets>
	</extension>
</addon>